epoch,train_loss,train_perplexity,val_loss,val_perplexity
1,0.0029920171529274385,0.3689817805006022,5.837187240739761,342.81373079171624
2,0.002846589285238577,0.36892812468246516,5.778404299796452,323.24297977943706
3,0.00278475425897014,0.36890531292591494,5.771645254221809,321.065532768876
4,0.0027360657331508137,0.3688873520792981,5.782631221503582,324.61219428998186
