epoch,train_loss,train_perplexity,val_loss,val_perplexity
1,0.010738669918447142,0.371851226705792,6.111738579186568,451.1223456891871
2,0.010267220572654537,0.37167596068431225,6.112974449536853,451.68021907915977
3,0.009344692046667645,0.3713332403989016,5.763548676474526,318.47649603303506
